Date,Open,High,Low,Close,Adj Close,Volume
12/31/2013,184.070007,184.690002,183.929993,184.690002,155.317368,86119900
1/2/2014,183.979996,184.070007,182.479996,182.919998,153.828857,119636900
1/3/2014,183.229996,183.600006,182.630005,182.889999,153.803589,81390600
1/6/2014,183.490005,183.559998,182.080002,182.360001,153.35791,108028200
1/7/2014,183.089996,183.789993,182.949997,183.479996,154.299774,86144200
1/8/2014,183.449997,183.830002,182.889999,183.520004,154.33342,96582300
1/9/2014,184.110001,184.130005,182.800003,183.639999,154.434311,90683400
1/10/2014,183.949997,184.220001,183.009995,184.139999,154.854813,102026400
1/13/2014,183.669998,184.179993,181.339996,181.690002,152.794449,149892000
1/14/2014,182.289993,183.770004,181.949997,183.669998,154.459564,105016100
1/15/2014,184.100006,184.940002,183.710007,184.660004,155.29213,98525800
1/16/2014,184.279999,184.660004,183.830002,184.419998,155.090286,72290600
1/17/2014,184.100006,184.449997,183.320007,183.639999,154.434311,107848700
1/21/2014,184.699997,184.770004,183.050003,184.179993,154.888428,88621200
1/22/2014,184.490005,184.570007,183.910004,184.300003,154.989319,61270900
1/23/2014,183.369995,183.399994,181.820007,182.789993,153.719482,132496900
1/24/2014,181.600006,181.660004,178.830002,178.889999,150.439789,208677100
1/27/2014,179.059998,179.520004,177.119995,178.009995,149.699692,180843100
1/28/2014,178.139999,179.300003,178.119995,179.070007,150.591141,110463200
1/29/2014,177.580002,178.550003,176.880005,177.350006,149.14473,216597300
1/30/2014,178.830002,179.809998,178.259995,179.229996,150.725647,118938100
1/31/2014,177.009995,179.289993,176.919998,178.179993,149.842636,194677900
2/3/2014,177.970001,178.369995,173.830002,174.169998,146.470444,254837100
2/4/2014,174.949997,175.839996,174.110001,175.389999,147.496353,165012400
2/5/2014,174.779999,175.559998,173.710007,175.169998,147.311386,164230500
2/6/2014,175.580002,177.479996,175.220001,177.479996,149.253967,132877600
2/7/2014,178.309998,179.869995,177.729996,179.679993,151.104095,170787200
2/10/2014,179.699997,180.070007,179.210007,180.009995,151.381561,92218800
2/11/2014,180.160004,182.440002,180.039993,181.979996,153.038361,117814100
2/12/2014,182.25,182.830002,181.710007,182.070007,153.114044,94717700
2/13/2014,180.839996,183.199997,180.830002,183.009995,153.90451,100542200
2/14/2014,182.839996,184.360001,182.669998,184.020004,154.753922,96498400
2/18/2014,184.179993,184.490005,183.649994,184.240005,154.938934,80460900
2/19/2014,183.759995,184.949997,182.869995,183.020004,153.912964,126524300
2/20/2014,183.270004,184.520004,182.600006,184.100006,154.821152,104998100
2/21/2014,184.449997,184.889999,183.800003,183.889999,154.644577,118116400
2/24/2014,184.279999,186.149994,184.199997,184.910004,155.50235,114063900
2/25/2014,185.059998,185.589996,184.229996,184.839996,155.443451,117085000
2/26/2014,185.110001,185.600006,184.330002,184.850006,155.451904,98677200
2/27/2014,184.580002,185.869995,184.369995,185.820007,156.267593,93880800
2/28/2014,185.789993,187.149994,185.050003,186.289993,156.662857,150842000
3/3/2014,184.649994,185.449997,183.75,184.979996,155.561203,167748500
3/4/2014,186.789993,187.979996,186.75,187.580002,157.747742,167545900
3/5/2014,187.740005,188.070007,187.449997,187.75,157.890701,88376900
3/6/2014,188.210007,188.610001,187.779999,188.179993,158.252258,82516500
3/7/2014,188.960007,188.960007,187.429993,188.259995,158.319565,114513500
3/10/2014,187.970001,188.229996,187.080002,188.160004,158.235474,74939200
3/11/2014,188.440002,188.710007,186.800003,187.229996,157.453354,99009100
3/12/2014,186.320007,187.350006,185.899994,187.279999,157.495422,104824400
3/13/2014,187.839996,187.990005,184.660004,185.179993,155.729401,155014300
3/14/2014,184.850006,185.800003,184.440002,184.660004,155.29213,153919600
3/17/2014,185.589996,186.770004,185.509995,186.330002,156.696487,98359500
3/18/2014,186.710007,187.910004,186.509995,187.660004,157.815018,101804600
3/19/2014,187.679993,187.940002,185.470001,186.660004,156.974014,176267300
3/20/2014,186.25,187.889999,185.919998,187.75,157.890701,117241000
3/21/2014,187.710007,189.020004,186.029999,186.199997,157.278275,163128000
3/24/2014,186.839996,187.070007,184.619995,185.429993,156.627899,121411000
3/25/2014,186.369995,186.940002,185.270004,186.309998,157.371216,103852000
3/26/2014,187.039993,187.339996,184.919998,184.970001,156.239304,119843000
3/27/2014,184.75,185.339996,183.899994,184.580002,155.909897,142383000
3/28/2014,185.110001,186.419998,185,185.490005,156.678558,101642000
3/31/2014,186.669998,187.300003,185.520004,187.009995,157.962479,99745000
4/1/2014,187.619995,188.360001,187,188.25,159.009872,89193000
4/2/2014,188.490005,189.130005,188.139999,188.880005,159.542023,78774000
4/3/2014,189.169998,189.220001,188.050003,188.630005,159.330872,77435000
4/4/2014,189.660004,189.699997,186.100006,186.399994,157.44725,169381000
4/7/2014,185.949997,186.259995,183.960007,184.339996,155.707199,140803000
4/8/2014,184.259995,185.399994,183.589996,185.100006,156.349182,112660000
4/9/2014,185.600006,187.149994,185.059998,187.089996,158.030045,100254000
4/10/2014,187.080002,187.169998,182.929993,183.160004,154.710449,172959000
4/11/2014,182.139999,183.419998,181.309998,181.509995,153.316742,167251000
4/14/2014,182.929993,183.369995,181.440002,182.940002,154.524658,132382000
4/15/2014,183.320007,184.330002,181.509995,184.199997,155.588928,157093000
4/16/2014,185.470001,186.139999,184.649994,186.130005,157.219147,105197000
4/17/2014,185.880005,186.910004,185.559998,186.389999,157.438736,105255000
4/21/2014,186.440002,187.100006,186.210007,187.039993,157.987778,68329000
4/22/2014,187.229996,188.399994,187.130005,187.889999,158.705826,85790000
4/23/2014,187.820007,187.919998,187.300003,187.449997,158.334106,73869000
4/24/2014,188.369995,188.389999,186.929993,187.830002,158.655045,88170000
4/25/2014,187.220001,187.330002,185.869995,186.289993,157.354279,100380000
4/28/2014,187.050003,187.690002,184.960007,186.880005,157.852692,135121000
4/29/2014,187.479996,188.039993,187.080002,187.75,158.587555,84098000
4/30/2014,187.440002,188.5,187.179993,188.309998,159.060532,101508000
5/1/2014,188.220001,188.839996,187.729996,188.330002,159.077454,93019000
5/2/2014,188.309998,189.139999,187.779999,188.059998,158.849396,98122000
5/5/2014,187.139999,188.550003,186.619995,188.419998,159.153427,75883000
5/6/2014,188,188.130005,186.740005,186.779999,157.768143,85454000
5/7/2014,187.410004,187.970001,186.009995,187.880005,158.697327,106500000
5/8/2014,187.710007,189.050003,187.080002,187.679993,158.528381,93618000
5/9/2014,187.710007,188.039993,186.830002,187.960007,158.764923,83679000
5/12/2014,188.800003,189.880005,188,189.789993,160.310669,86940000
5/13/2014,190.039993,190.419998,189.770004,189.960007,160.454239,66454000
5/14/2014,189.789993,189.880005,188.789993,189.059998,159.694077,72367000
5/15/2014,188.679993,188.720001,186.479996,187.399994,158.291931,154956000
5/16/2014,187.509995,188.130005,186.720001,188.050003,158.840973,97458000
5/19/2014,187.690002,188.889999,187.520004,188.740005,159.423782,63839000
5/20/2014,188.649994,188.669998,187.070007,187.550003,158.41861,111644000
5/21/2014,188.089996,189.220001,188.059998,189.130005,159.753128,89093000
5/22/2014,189.179993,189.979996,188.860001,189.589996,160.141754,61549000
5/23/2014,189.759995,190.479996,189.589996,190.350006,160.783691,61092800
5/27/2014,191.059998,191.580002,190.949997,191.520004,161.771957,72010000
5/28/2014,191.520004,191.820007,191.059998,191.380005,161.653717,66723000
5/29/2014,191.820007,192.399994,191.330002,192.369995,162.489899,64377000
5/30/2014,192.190002,192.800003,192.029999,192.679993,162.751816,76316000
6/2/2014,192.949997,192.990005,191.970001,192.899994,162.937592,64656000
6/3/2014,192.429993,192.899994,192.25,192.800003,162.853104,65047000
6/4/2014,192.470001,193.300003,192.270004,193.190002,163.182556,55529000
6/5/2014,193.410004,194.649994,192.699997,194.449997,164.246796,92103000
6/6/2014,194.869995,195.429993,194.779999,195.380005,165.032379,78696000
6/9/2014,195.350006,196.050003,195.169998,195.580002,165.201324,65119000
6/10/2014,195.339996,195.639999,194.919998,195.600006,165.218262,57129000
6/11/2014,194.899994,195.119995,194.479996,194.919998,164.643814,68772000
6/12/2014,194.690002,194.800003,193.110001,193.539993,163.47818,106350000
6/13/2014,193.919998,194.320007,193.300003,194.130005,163.976578,82017000
6/16/2014,193.889999,194.699997,193.660004,194.289993,164.111664,87424000
6/17/2014,194.020004,194.970001,193.809998,194.830002,164.56781,84834000
6/18/2014,194.830002,196.369995,194.399994,196.259995,165.775681,105267000
6/19/2014,196.429993,196.600006,195.800003,196.479996,165.961517,85929000
6/20/2014,196.029999,196.100006,195.699997,195.940002,166.298447,100587000
6/23/2014,195.990005,196.050003,195.520004,195.880005,166.247543,70611000
6/24/2014,195.529999,196.5,194.479996,194.699997,165.246033,96237000
6/25/2014,194.289993,195.779999,194.25,195.580002,165.99295,82782000
6/26/2014,195.610001,195.630005,194.130005,195.440002,165.8741,84312000
6/27/2014,194.979996,195.880005,194.889999,195.820007,166.196625,71445100
6/30/2014,195.699997,196.169998,195.529999,195.720001,166.111755,70201200
7/1/2014,196.199997,197.630005,196.130005,197.029999,167.223572,90470000
7/2/2014,197.050003,197.479996,196.960007,197.229996,167.393326,52475000
7/3/2014,197.789993,198.289993,197.639999,198.199997,168.216583,52938800
7/7/2014,197.820007,197.979996,197.220001,197.509995,167.630981,61696000
7/8/2014,197.149994,197.220001,195.759995,196.240005,166.553085,108143000
7/9/2014,196.729996,197.300003,196.309998,197.119995,167.299942,72992000
7/10/2014,195.220001,196.860001,195.059998,196.339996,166.637939,99040000
7/11/2014,196.220001,196.75,195.779999,196.610001,166.86705,64243000
7/14/2014,197.610001,197.860001,197.440002,197.600006,167.707367,58658000
7/15/2014,197.720001,198.100006,196.360001,197.229996,167.393326,111307000
7/16/2014,198.110001,198.259995,197.419998,197.960007,168.012833,79986400
7/17/2014,197.350006,198.100006,195.429993,195.710007,166.103256,145398000
7/18/2014,196.350006,197.910004,196.240005,197.710007,167.800751,124330000
7/21/2014,197.089996,197.5,196.429993,197.339996,167.486679,67592000
7/22/2014,198.009995,198.559998,197.869995,198.199997,168.216583,67678000
7/23/2014,198.5,198.850006,198.100006,198.639999,168.589996,65612000
7/24/2014,198.830002,199.059998,198.449997,198.649994,168.598526,56888000
7/25/2014,198.089996,198.259995,197.330002,197.720001,167.809189,76837000
7/28/2014,197.759995,198.089996,196.619995,197.800003,167.877075,69259000
7/29/2014,198.169998,198.449997,196.919998,196.949997,167.15567,80466000
7/30/2014,197.649994,197.910004,196.160004,196.979996,167.181137,104222000
7/31/2014,195.610001,195.779999,192.970001,193.089996,163.879608,183479000
8/1/2014,192.559998,193.759995,191.570007,192.5,163.378876,189261000
8/4/2014,192.869995,194.300003,192.050003,193.889999,164.558578,91340000
8/5/2014,193.100006,193.600006,191.309998,192.009995,162.962982,152690000
8/6/2014,191.110001,192.889999,191.080002,192.070007,163.013916,94818000
8/7/2014,192.940002,193.130005,190.550003,191.029999,162.13118,135733000
8/8/2014,191.460007,193.369995,190.949997,193.240005,164.006943,117014000
8/11/2014,193.970001,194.660004,193.710007,193.800003,164.482208,74544000
8/12/2014,193.610001,194.149994,192.940002,193.529999,164.253036,73632000
8/13/2014,194.289993,195.059998,193.960007,194.839996,165.364868,69047000
8/14/2014,195.160004,195.759995,194.979996,195.759995,166.145676,57371000
8/15/2014,196.470001,196.649994,194.309998,195.720001,166.111755,139951000
8/18/2014,196.800003,197.449997,196.690002,197.360001,167.503647,75424000
8/19/2014,197.839996,198.539993,197.440002,198.389999,168.377777,59135000
8/20/2014,198.119995,199.160004,198.080002,198.919998,168.827682,72763000
8/21/2014,199.089996,199.759995,198.929993,199.5,169.319916,67791000
8/22/2014,199.339996,199.690002,198.740005,199.190002,169.056793,76107000
8/25/2014,200.139999,200.589996,199.149994,200.199997,169.914001,63855000
8/26/2014,200.330002,200.820007,200.279999,200.330002,170.024353,47298000
8/27/2014,200.429993,200.570007,199.940002,200.25,169.95639,47874000
8/28/2014,199.589996,200.270004,199.389999,200.139999,169.863098,58330000
8/29/2014,200.449997,200.729996,199.820007,200.710007,170.346863,65907000
9/2/2014,200.970001,201,199.860001,200.610001,170.262009,72426000
9/3/2014,201.380005,201.410004,200.220001,200.5,170.168625,57462000
9/4/2014,200.839996,201.580002,199.660004,200.210007,169.92247,85236000
9/5/2014,200.169998,201.190002,199.410004,201.110001,170.686371,102177000
9/8/2014,200.919998,201.210007,200,200.589996,170.245041,64146000
9/9/2014,200.410004,200.550003,198.910004,199.320007,169.167145,88591000
9/10/2014,199.429993,200.199997,198.770004,200.070007,169.80368,67251000
9/11/2014,199.270004,200.330002,199.119995,200.300003,169.998886,66774400
9/12/2014,200.100006,200.119995,198.559998,199.130005,169.00589,117409300
9/15/2014,199.160004,199.320007,198.380005,198.979996,168.878571,76401000
9/16/2014,198.610001,200.839996,198.5,200.479996,170.151611,116201000
9/17/2014,200.770004,201.679993,199.75,200.75,170.380844,151266000
9/18/2014,201.360001,201.850006,201.100006,201.820007,171.28894,94990000
9/19/2014,201.520004,201.899994,200.289993,200.699997,171.134613,121649000
9/22/2014,200.350006,200.380005,198.729996,199.149994,169.812973,125553000
9/23/2014,198.429993,199.259995,197.949997,198.009995,168.840881,111393000
9/24/2014,198.039993,199.690002,197.520004,199.559998,170.162552,107276000
9/25/2014,199.039993,199.050003,196.270004,196.339996,167.41687,150300000
9/26/2014,196.699997,198.389999,196.419998,197.899994,168.747086,103547000
9/29/2014,196.199997,197.889999,196.050003,197.539993,168.440048,95112000
9/30/2014,197.690002,198.300003,196.610001,197.020004,167.996719,131302000
10/1/2014,196.699997,196.770004,193.910004,194.350006,165.720032,177798000
10/2/2014,194.179993,195.059998,192.350006,194.380005,165.745636,157285000
10/3/2014,195.679993,196.940002,195.080002,196.520004,167.570358,121569000
10/6/2014,197.339996,197.600006,195.580002,196.289993,167.374252,104778000
10/7/2014,195.279999,195.720001,193.220001,193.259995,164.790649,147913000
10/8/2014,193.369995,196.919998,192.360001,196.639999,167.672699,186461000
10/9/2014,196.330002,196.600006,192.580002,192.740005,164.347229,210705000
10/10/2014,192.690002,193.649994,190.490005,190.539993,162.471298,221909000
10/13/2014,190.460007,191.149994,187.300003,187.410004,159.802414,230939000
10/14/2014,188.419998,189.820007,187.039993,187.699997,160.049683,215847000
10/15/2014,185.160004,187.690002,181.919998,186.429993,158.966721,380715000
10/16/2014,183.059998,187.580002,182.889999,186.270004,158.830353,270391000
10/17/2014,188.419998,189.75,187.619995,188.470001,160.706207,214625000
10/20/2014,188.130005,190.449997,188.070007,190.300003,162.266647,130011000
10/21/2014,191.679993,194.199997,191.479996,194.070007,165.481277,154949000
10/22/2014,194.410004,194.910004,192.610001,192.690002,164.304581,151822000
10/23/2014,194.619995,196.199997,194.259995,194.929993,166.214584,154944000
10/24/2014,195.25,196.490005,194.490005,196.429993,167.493591,117927000
10/27/2014,195.729996,196.449997,195.029999,196.160004,167.263428,82954000
10/28/2014,196.820007,198.419998,196.729996,198.410004,169.181961,106736000
10/29/2014,198.550003,199.119995,196.800003,198.110001,168.926163,142557000
10/30/2014,197.580002,199.949997,197.399994,199.380005,170.009109,113330000
10/31/2014,201.779999,201.820007,200.770004,201.660004,171.953201,146903000
11/3/2014,201.919998,202.449997,201.309998,201.770004,172.046982,93600000
11/4/2014,201.229996,201.600006,200.059998,201.070007,171.450073,93343000
11/5/2014,202.539993,202.589996,201.449997,202.339996,172.533005,91709000
11/6/2014,202.389999,203.259995,201.639999,203.149994,173.223709,107089000
11/7/2014,203.169998,203.600006,202.610001,203.339996,173.385712,89540000
11/10/2014,203.380005,204.039993,203.130005,203.979996,173.931412,66319000
11/11/2014,204.059998,204.309998,203.649994,204.179993,174.101929,54499400
11/12/2014,203.350006,204.240005,203.309998,203.960007,173.914413,90120300
11/13/2014,204.160004,204.830002,203.210007,204.190002,174.110535,85357900
11/14/2014,204.100006,204.490005,203.720001,204.240005,174.153137,80417500
11/17/2014,203.850006,204.580002,203.649994,204.369995,174.264008,80441000
11/18/2014,204.440002,205.919998,204.440002,205.550003,175.270142,76068100
11/19/2014,205.309998,205.550003,204.300003,205.220001,174.988754,82373000
11/20/2014,204.259995,205.710007,204.179993,205.580002,175.295746,72840300
11/21/2014,207.639999,207.839996,205.979996,206.679993,176.233658,142327300
11/24/2014,207.169998,207.389999,206.910004,207.259995,176.728256,65880800
11/25/2014,207.539993,207.789993,206.800003,207.110001,176.600357,79108300
11/26/2014,207.289993,207.759995,207.029999,207.639999,177.052231,62167800
11/28/2014,207.490005,207.869995,206.910004,207.199997,176.677124,57890100
12/1/2014,206.399994,206.539993,205.380005,205.759995,175.449219,103968400
12/2/2014,205.809998,207.339996,205.779999,207.089996,176.583282,74507200
12/3/2014,207.300003,208.149994,207.100006,207.889999,177.265457,68952000
12/4/2014,207.539993,208.270004,206.699997,207.660004,177.069351,91316600
12/5/2014,207.869995,208.470001,207.550003,208,177.359207,91025500
12/8/2014,207.520004,208.119995,205.929993,206.610001,176.174026,108588200
12/9/2014,204.369995,206.600006,203.910004,206.470001,176.054611,125180100
12/10/2014,205.910004,205.979996,202.929993,203.160004,173.232208,159856400
12/11/2014,203.880005,206.190002,203.710007,204.190002,174.110535,159012800
12/12/2014,202.639999,203.820007,200.850006,200.889999,171.296616,202330200
12/15/2014,201.979996,202.529999,198.779999,199.509995,170.119919,189965800
12/16/2014,198.580002,202.399994,197.860001,197.910004,168.755554,259543800
12/17/2014,198.440002,202.339996,198.289993,201.789993,172.064041,253910100
12/18/2014,204.740005,212.970001,203.919998,206.779999,176.31897,257633900
12/19/2014,206.429993,207.330002,205.610001,206.520004,177.069214,245084600
12/22/2014,206.75,207.470001,206.460007,207.470001,177.883682,148318900
12/23/2014,208.169998,208.229996,207.399994,207.75,178.123764,122167900
12/24/2014,208.020004,208.339996,207.720001,207.770004,178.14093,42963400
12/26/2014,208.309998,208.850006,208.25,208.440002,178.715363,57326700
12/29/2014,208.220001,208.970001,208.139999,208.720001,178.955429,79643900
12/30/2014,208.210007,208.369995,207.509995,207.600006,177.995178,73540800
12/31/2014,207.990005,208.190002,205.389999,205.539993,176.228943,130333800
1/2/2015,206.380005,206.880005,204.179993,205.429993,176.134613,121465900
1/5/2015,204.169998,204.369995,201.350006,201.720001,172.953705,169632600
1/6/2015,202.089996,202.720001,198.860001,199.820007,171.324631,209151400
1/7/2015,201.419998,202.720001,200.880005,202.309998,173.459579,125346700
1/8/2015,204.009995,206.160004,203.990005,205.899994,176.537567,147217800
1/9/2015,206.399994,206.419998,203.509995,204.25,175.12294,158567300
1/12/2015,204.410004,204.600006,201.919998,202.649994,173.751083,144396100
1/13/2015,204.119995,205.479996,200.509995,202.080002,173.262344,214553300
1/14/2015,199.649994,201.100006,198.570007,200.860001,172.216324,192991100
1/15/2015,201.630005,202.009995,198.880005,199.020004,170.638718,176613900
1/16/2015,198.770004,201.820007,198.550003,201.630005,172.876572,211879600
1/20/2015,202.399994,202.720001,200.169998,202.059998,173.245178,130991100
1/21/2015,201.5,203.660004,200.940002,203.080002,174.119736,122942700
1/22/2015,203.990005,206.259995,202.330002,206.100006,176.709045,174356000
1/23/2015,205.789993,206.100006,204.809998,204.970001,175.740265,117516800
1/26/2015,204.710007,205.559998,203.850006,205.449997,176.15181,92009700
1/27/2015,202.970001,204.119995,201.740005,202.740005,173.828186,134044600
1/28/2015,204.169998,204.289993,199.910004,200.139999,171.599014,168514300
1/29/2015,200.380005,202.300003,198.679993,201.990005,173.185165,173585400
1/30/2015,200.570007,202.169998,199.130005,199.449997,171.007431,197729700
2/2/2015,200.050003,202.029999,197.860001,201.919998,173.125153,163107000
2/3/2015,203,204.850006,202.550003,204.839996,175.628754,124212900
2/4/2015,203.919998,205.380005,203.509995,204.059998,174.959991,134306700
2/5/2015,204.860001,206.300003,204.770004,206.119995,176.726227,97953200
2/6/2015,206.559998,207.240005,204.919998,205.550003,176.237503,125672000
2/9/2015,204.770004,205.639999,204.139999,204.630005,175.4487,87219000
2/10/2015,205.880005,207.119995,204.679993,206.809998,177.31781,96164200
2/11/2015,206.610001,207.449997,205.830002,206.929993,177.4207,91087800
2/12/2015,207.889999,208.990005,206.970001,208.919998,179.126892,97545900
2/13/2015,209.070007,209.839996,208.759995,209.779999,179.864304,93670400
2/17/2015,209.399994,210.320007,209.100006,210.110001,180.147217,76968200
2/18/2015,209.660004,210.220001,209.339996,210.130005,180.164398,80652900
2/19/2015,209.410004,210.419998,209.240005,209.979996,180.035721,91462500
2/20/2015,209.479996,211.330002,208.729996,211.240005,181.116058,140896400
2/23/2015,210.940002,211.210007,210.479996,211.210007,181.090378,74411100
2/24/2015,211.119995,212.050003,210.759995,211.809998,181.604797,72472300
2/25/2015,211.660004,212.240005,211.220001,211.630005,181.450485,73061700
2/26/2015,211.520004,211.710007,210.649994,211.380005,181.236115,72697900
2/27/2015,211.259995,211.580002,210.600006,210.660004,180.618851,108076000
3/2/2015,210.779999,212.059998,210.720001,211.990005,181.759171,87491400
3/3/2015,211.470001,212.050003,210.080002,211.119995,181.013153,110325800
3/4/2015,210.399994,210.490005,209.059998,210.229996,180.250107,114497200
3/5/2015,210.619995,210.800003,209.850006,210.460007,180.447296,76873000
3/6/2015,209.419998,209.940002,207.100006,207.5,177.909439,188128000
3/9/2015,207.740005,208.789993,207.550003,208.360001,178.646774,89818900
3/10/2015,206.710007,206.809998,204.929993,204.979996,175.74881,157121300
3/11/2015,205.289993,205.5,204.399994,204.5,175.337234,110145700
3/12/2015,205.259995,207.179993,205.199997,207.100006,177.566452,93993500
3/13/2015,206.770004,207.929993,204.580002,205.830002,176.4776,162410900
3/16/2015,206.710007,208.690002,205.860001,208.580002,178.835419,136099200
3/17/2015,207.690002,208.419998,206.979996,207.960007,178.303848,94510400
3/18/2015,207.389999,211.270004,206.619995,210.460007,180.447296,228808500
3/19/2015,209.960007,210.470001,209.029999,209.5,179.624252,117917300
3/20/2015,209.710007,211.020004,209.490005,210.410004,181.209763,177715100
3/23/2015,210.419998,211.110001,210,210,180.856674,71784500
3/24/2015,209.850006,210.399994,208.740005,208.820007,179.840378,77805300
3/25/2015,209.070007,209.350006,205.710007,205.759995,177.205032,159521700
3/26/2015,204.960007,206.369995,204.119995,205.270004,176.783081,153067200
3/27/2015,205.130005,205.949997,204.899994,205.740005,177.187836,118939000
3/30/2015,206.979996,208.610001,206.960007,208.25,179.349487,96180400
3/31/2015,207.259995,208.100006,206.360001,206.429993,177.782028,126768700
4/1/2015,206.389999,206.419998,204.509995,205.699997,177.153366,137303600
4/2/2015,205.619995,206.979996,205.399994,206.440002,177.79071,86900900
4/6/2015,205.369995,208.449997,205.210007,207.830002,178.987778,114368200
4/7/2015,207.860001,208.759995,207.240005,207.279999,178.514114,81236300
4/8/2015,207.550003,208.509995,207.080002,207.979996,179.116974,89351900
4/9/2015,207.779999,209.179993,207.190002,208.899994,179.909286,85548900
4/10/2015,209.199997,210.089996,208.960007,210.039993,180.891083,72722900
4/13/2015,209.869995,210.630005,209.029999,209.089996,180.072906,74436600
4/14/2015,208.850006,209.710007,208.100006,209.490005,180.417465,75099900
4/15/2015,210.050003,211.039993,209.949997,210.429993,181.226959,99529300
4/16/2015,210.029999,210.979996,209.789993,210.369995,181.175232,68934900
4/17/2015,208.940002,209.229996,207.009995,207.949997,179.091156,191113200
4/20/2015,209.059998,210.25,208.960007,209.850006,180.727463,92189500
4/21/2015,210.669998,210.860001,209.240005,209.600006,180.5121,72559800
4/22/2015,210.009995,210.850006,208.899994,210.630005,181.3992,78264600
4/23/2015,210.149994,211.940002,210.009995,211.160004,181.855698,102585900
4/24/2015,211.660004,211.970001,211.110001,211.649994,182.277679,61327400
4/27/2015,212.330002,212.479996,210.539993,210.770004,181.519836,79358100
4/28/2015,210.740005,211.5,209.330002,211.440002,182.096802,86863500
4/29/2015,210.369995,211.289993,209.600006,210.570007,181.347519,125684900
4/30/2015,209.880005,210.350006,207.619995,208.460007,179.530319,161304900
5/1/2015,209.399994,210.770004,209.279999,210.720001,181.476746,103399700
5/4/2015,211.229996,212.020004,211.100006,211.320007,181.993484,70927200
5/5/2015,211.029999,211.460007,208.729996,208.899994,179.909286,113326200
5/6/2015,209.559998,209.929993,206.759995,208.039993,179.168579,135060200
5/7/2015,207.919998,209.380005,207.520004,208.869995,179.883438,88244900
5/8/2015,210.880005,211.860001,210.779999,211.619995,182.251801,155877300
5/11/2015,211.570007,211.889999,210.520004,210.610001,181.381958,75708100
5/12/2015,209.610001,210.630005,208.619995,209.979996,180.839386,119727600
5/13/2015,210.470001,211.220001,209.740005,210.020004,180.873871,94667900
5/14/2015,211.240005,212.320007,210.910004,212.210007,182.759979,95934000
5/15/2015,212.440002,212.610001,211.860001,212.440002,182.958023,76510100
5/18/2015,212.240005,213.399994,212.160004,213.100006,183.526398,74549700
5/19/2015,213.240005,213.570007,212.690002,213.029999,183.466125,72114600
5/20/2015,213.149994,213.779999,212.5,212.880005,183.336975,76857500
5/21/2015,212.710007,213.75,212.509995,213.5,183.870911,64764600
5/22/2015,213.039993,213.539993,212.910004,212.990005,183.431717,57433500
5/26/2015,212.399994,212.910004,210.199997,210.699997,181.459518,124308600
5/27/2015,211.25,212.979996,210.759995,212.699997,183.181961,93214000
5/28/2015,212.330002,212.589996,211.630005,212.460007,182.97525,74974600
5/29/2015,212.380005,212.429993,210.820007,211.139999,181.838394,124919600
6/1/2015,211.940002,212.339996,210.619995,211.570007,182.208771,93338800
6/2/2015,211.020004,212.190002,210.270004,211.360001,182.027878,91531000
6/3/2015,212,212.669998,211.330002,211.919998,182.510147,87820900
6/4/2015,211.070007,211.860001,209.75,210.130005,180.968613,151882800
6/5/2015,209.949997,210.580002,208.979996,209.770004,180.658539,121704700
6/8/2015,209.639999,209.820007,208.389999,208.479996,179.547577,89063300
6/9/2015,208.449997,209.100006,207.690002,208.449997,179.521744,105034700
6/10/2015,209.369995,211.410004,209.300003,210.949997,181.67482,134551300
6/11/2015,211.479996,212.089996,211.199997,211.630005,182.260452,73876400
6/12/2015,210.639999,211.479996,209.679993,210.009995,180.86525,135382400
6/15/2015,208.639999,209.449997,207.789993,209.110001,180.090164,124384200
6/16/2015,208.929993,210.350006,208.720001,210.25,181.071915,85308200
6/17/2015,210.589996,211.320007,209.360001,210.589996,181.364746,126708600
6/18/2015,211.309998,213.339996,210.630005,212.779999,183.250854,165867900
6/19/2015,211.460007,211.550003,210.360001,210.809998,182.437347,130478700
6/22/2015,211.910004,212.589996,211.639999,211.889999,183.37204,70696000
6/23/2015,212.139999,212.440002,211.570007,212.039993,183.501801,68476800
6/24/2015,211.720001,212.169998,210.470001,210.5,182.169052,92307300
6/25/2015,211.100006,211.25,209.770004,209.860001,181.615189,97107400
6/26/2015,210.289993,210.580002,209.160004,209.820007,181.580612,104174800
6/29/2015,208.050003,209.830002,205.330002,205.419998,177.772766,202621300
6/30/2015,207.259995,207.320007,205.279999,205.850006,178.144928,182925100
7/1/2015,207.729996,208.029999,206.559998,207.5,179.572815,135979900
7/2/2015,208.070007,208.270004,206.809998,207.309998,179.408401,104373700
7/6/2015,205.770004,207.649994,205.529999,206.720001,178.897812,117975400
7/7/2015,206.960007,208.169998,204.110001,208.020004,180.022858,173820200
7/8/2015,206.419998,206.759995,204.25,204.529999,177.002533,164020100
7/9/2015,207.039993,207.350006,204.770004,204.899994,177.322784,144113100
7/10/2015,207.289993,207.979996,204.949997,207.479996,179.555557,129456900
7/13/2015,208.990005,209.899994,208.940002,209.770004,181.537308,106069400
7/14/2015,209.720001,211.050003,209.649994,210.679993,182.324799,81709600
7/15/2015,210.729996,211.279999,210.039993,210.610001,182.264236,97914100
7/16/2015,211.869995,212.300003,211.580002,212.300003,183.726791,106683300
7/17/2015,212.289993,212.550003,211.800003,212.479996,183.882568,89030000
7/20/2015,212.75,213.179993,212.210007,212.589996,183.977783,70446800
7/21/2015,212.429993,212.740005,211.389999,211.75,183.250824,77965000
7/22/2015,210.929993,211.770004,210.889999,211.369995,182.921997,88667900
7/23/2015,211.529999,211.649994,209.75,210.179993,181.892105,90509100
7/24/2015,210.300003,210.369995,207.600006,208,180.005493,117755000
7/27/2015,206.940002,207.550003,206.259995,206.789993,178.958344,132361100
7/28/2015,207.789993,209.5,206.800003,209.330002,181.156555,123544800
7/29/2015,209.479996,211.039993,209.309998,210.770004,182.40274,105791300
7/30/2015,210.160004,211.020004,209.419998,210.820007,182.446014,91304400
7/31/2015,211.419998,211.449997,210.160004,210.5,182.169052,103266900
8/3/2015,210.460007,210.529999,208.649994,209.789993,181.55455,113965700
8/4/2015,209.699997,210.25,208.800003,209.380005,181.199829,81820800
8/5/2015,210.449997,211.309998,209.729996,210.070007,181.796982,85786800
8/6/2015,210.289993,210.419998,207.649994,208.350006,180.308487,116030800
8/7/2015,208.160004,208.339996,206.869995,207.949997,179.962296,117858000
8/10/2015,209.279999,210.669998,209.279999,210.570007,182.22966,80270700
8/11/2015,208.970001,209.470001,207.759995,208.669998,180.585358,126081400
8/12/2015,207.110001,209.139999,205.360001,208.919998,180.801697,172123700
8/13/2015,208.729996,209.550003,208.009995,208.660004,180.576706,89383300
8/14/2015,208.429993,209.509995,208.259995,209.419998,181.234421,72786500
8/17/2015,208.710007,210.589996,208.160004,210.589996,182.246918,79072600
8/18/2015,210.259995,210.679993,209.699997,209.979996,181.71904,71692700
8/19/2015,209.089996,210.009995,207.350006,208.320007,180.282455,172946000
8/20/2015,206.509995,208.289993,203.899994,203.970001,176.517914,194327900
8/21/2015,201.729996,203.940002,197.520004,197.830002,171.204285,346588500
8/24/2015,187.490005,197.479996,182.399994,189.5,163.995468,507244300
8/25/2015,195.429993,195.449997,186.919998,187.270004,162.065567,369833100
8/26/2015,192.080002,194.789993,188.369995,194.460007,168.287903,339257000
8/27/2015,197.020004,199.419998,195.210007,199.270004,172.4505,274143900
8/28/2015,198.5,199.839996,197.919998,199.279999,172.459106,160414400
8/31/2015,198.110001,199.130005,197.009995,197.669998,171.065826,163298800
